类别,功能,器件/方案,数量,两方案共用,接口/电源,当前状态,优先级,必须确认
Camera,第一视角摄像头,OV5640 DVP模组,1,是,8-bit DVP + SCCB；2.8V + 1.2/1.5V,链路已验证,P0,最终FPC脚位/供电/电平/镜头
IMU,六轴运动感知,BMI270,1,是,I2C + INT；1.7~3.6V,已采购候选/六轴读取已验证,P1,INT1/初始化/手机闭环；到货核封装/Marking
MIC,语音输入,ICS-43434（基线）；ZTS6672（已购替代候选）,1,是,I2S RX；3.3V逻辑域按正式Datasheet复核,基线接受；ZTS6672未批准替换,P1,ZTS6672必须核Datasheet/Pinout/供电/I2S timing/SNR/AOP/Footprint/声孔后再决定
Haptic MUX,双DRV2605L地址隔离,PCA9540BDP,1,是,上游SENSOR_I2C；CH0→DRV_LEFT；CH1→DRV_RIGHT；3.3V,已采购6颗/技术路径冻结,P0,固定地址0x70；三段I2C分别配置上拉；仅1-of-2通道同时选通；按NXP官方封装核Footprint
Haptic Driver,双路LRA独立驱动,DRV2605LDGSR,2,是,各在PCA9540B独立下游段；I2C 0x5A；2~5.2V,已采购10颗/双路架构冻结,P0,LEFT/RIGHT分别配置；IN/TRIG各接独立MCU GPIO以支持同步触发
Haptic,左右触觉执行器,0809 X轴 LRA,2,是,各自由一颗DRV2605L OUT+/OUT-驱动,已采购4个/单路实机已验证,P0,阻抗/谐振频率/额定及过驱电压/左右安装位置
Audio OUT,单声道骨传导功放,MAX98357AETE+T,1,尽量是,I2S TX + 功率电源；单声道同信号驱动两只骨传导,已采购6颗/P0待双单元验证,P0,两只8Ω单元并联等效4Ω；每只标称约1~1.5W；需限制最大输出并验证温升/响度
Transducer,左右骨传导输出,8Ω骨传导单元（标称约1~1.5W）,2,是,两只并联跨接MAX98357A BTL SPK+/SPK-；播放相同单声道,数量/技术路径冻结,P0,确认实际额定功率与最大允许功率；禁止任一端接GND
Battery,主电池,1S LiPo；已购候选选项6013106/1000mAh,1,是,约3.0~4.2V；物理放B镜腿,候选已采购3块/未冻结,P0,保护板/实际尺寸/重量/最大持续及峰值电流/NTC
Battery Interface,B侧电池连接与温度接口,Battery connector + NTC interface,1,是,BAT+/GND/BAT_NTC→跨镜腿FPC,双镜腿架构新增,P1,最终电池插座/NTC形式/机械固定
Charger,充电/Power Path,BQ24074RGTR,1,是,5V输入→BAT/SYS；物理放A镜腿,已采购6颗/P0方案落地,P0,边充边用/充电电流/热耗散/EN1-EN2模式/PGOOD-CHG GPIO
Connector,磁吸接口,4Pin磁吸触点,1,是,5V/GND/USB D+/USB D-；物理放A镜腿,方向冻结,P1,额定电流/机械尺寸/ESD
Interconnect,跨镜腿FPC连接器,FH34SRJ-8S-0.5SH(50),2,是,J_INTER_A + J_INTER_B；当前生产版8Pin,已采购15个/P0生产版采用,P0,锁扣方向/装配高度/动态弯折结构/Footprint
Interconnect,跨镜腿FPC/排线,8P 0.5mm 同向 FFC/FPC（当前生产版）,1,是,BAT+/BAT+/GND/GND/SPK+/SPK-/LRA_B+/LRA_B-,已购0.3m与0.5m开发线,P0,最终产品长度/铜厚/电流能力/弯折半径/寿命
Regulator,系统3.3V,TPS63021DSJR,1,大部分共用,BAT/SYS→3V3；物理放A镜腿,已采购6颗/P0器件确定,P0,峰值电流/效率/布局；BK版已购FXL0420-1R5-M需核对是否等价于当前BOM电感
Regulator,Camera 2.8V,TLV75728PDBVR,1,是,3V3→2.8V；物理放A镜腿,已采购15颗/P0器件确定,P0,电流/压差/启动时序/去耦
Regulator,Camera Core,TLV75515PDBVR（当前1.5V方案）,1,是,3V3→1.5V DVDD；物理放A镜腿,已采购15颗/当前生产BOM采用,P0,最终OV5640模组Core电压必须确认；若模组要求1.2V不可直接使用
Protection,USB数据与5V瞬态保护,USBLC6-2SC6 + D5V0L1B2WS-7,2,是,USB D+/D- + 5V输入；物理放A镜腿,已采购,P1,USBLC6低电容布局/TVS回流路径
Protection,5V输入PPTC,目标约0.75A Hold / ~1.5A Trip,1,是,MAG_5V串联输入保护,当前目标未采购到位,P0,本次购入BSMD1206-010为100mA级，不能替代当前F1；重新选0.75A级料
