Board,Variant,Core_Component,Quantity,Function,Status,Notes
A,A-ESP,ESP32-S3-MINI-1U-N4R2,1,Main MCU Wi-Fi/BLE/USB,CONFIRMED,Plan A main controller
A,A-BK,BK7258QN88616,1,Main SoC Wi-Fi/BLE/media,CONFIRMED_WITH_ORDER_CODE_CHECK,8MB Flash + 16MB PSRAM supplier candidate; exact order code/package details still require purchase check
A,COMMON,BQ24074,1,1S LiPo charger + PowerPath,FROZEN_8PIN,Magnetic USB/Charge and charger both on A
A,COMMON,TPS63021,1,3.3V buck-boost system regulator,FROZEN_8PIN,SYS_3V3 remains entirely on A
A,COMMON,TLV75728 / 2.8V Camera LDO,1,OV5640 2.8V rail,CONFIRMED,Exact package/orderable part to follow current BOM/library verification
A,COMMON,TLV75515 / 1.5V Camera Core LDO,1,OV5640 core rail,CONFIRMED,Exact package/orderable part to follow current BOM/library verification
A,COMMON,OV5640,1,Camera image capture,CONFIRMED,24Pin camera FPC stays on A; contact orientation still mechanical check
A,COMMON,ICS-43434,1,I2S microphone,CONFIRMED,Digital microphone on A
A,COMMON,BMI270,1,6-axis IMU,CONFIRMED,I2C + INT1 on A
A,COMMON,PCA9540B,1,2-channel I2C mux for two DRV2605L,CONFIRMED,Both downstream channels remain local on A
A,COMMON,DRV2605L A,1,Local haptic LRA driver,CONFIRMED,Drives LRA A locally
A,COMMON,DRV2605L B,1,Remote haptic LRA driver,FROZEN_8PIN,Physically on A; OUT+/OUT- cross 8Pin FPC to LRA B
A,COMMON,0809 X-axis LRA A,1,Local haptic actuator,CONFIRMED,Local to Board A
A,COMMON,MAX98357A,1,I2S mono Class-D amplifier,CONFIRMED,SPK+/SPK- drive both Bone endpoints; no leg to GND
A,COMMON,8ohm Bone A,1,Local bone-conduction output,CONFIRMED,Local endpoint on A
A,COMMON,4Pin Magnetic USB/Charge Interface,1,5V/GND/USB D+/USB D-,SIDE_AND_LOGIC_FROZEN_MECHANICAL_TBD,Located on A; exact connector part size footprint and enclosure opening not yet frozen
A,COMMON,USB/5V Protection Group,1set,ESD surge/fuse/input protection,CONFIRMED,Placed around magnetic connector and USB path
A,COMMON,J_INTER_A 8Pin,1,Inter-temple connector,FROZEN_8PIN,Pin1-2 BAT+; Pin3-4 GND; Pin5-6 SPK+/SPK-; Pin7-8 LRA_B+/LRA_B-
B,COMMON,1S LiPo Battery,1,Main energy storage,FROZEN_SIDE_CAPACITY_TBD,Battery on B for weight balance; exact capacity/size/model not yet frozen
B,COMMON,Battery Connector,1,Battery local connection,FROZEN_8PIN,Current 8Pin baseline crosses BAT+/GND only; BAT_NTC not routed to A
B,COMMON,8ohm Bone B,1,Remote bone-conduction output,CONFIRMED,Driven by A-side MAX98357A through SPK+/SPK- FPC pair
B,COMMON,0809 X-axis LRA B,1,Remote haptic actuator,FROZEN_8PIN,Driven by A-side DRV2605L B through LRA_B+/LRA_B- FPC pair
B,COMMON,J_INTER_B 8Pin,1,Inter-temple connector,FROZEN_8PIN,Passive endpoint board; no SYS_3V3/I2C/Trigger/USB across FPC
