电源节点,来源,目标电压,主要负载,状态,优先级,待确认
MAG_5V,4Pin磁吸接口经5V保护,5V,BQ24074输入 + USB VBUS,保护器件部分已采购/PPTC仍需改料,P0,D5V0L1B2WS-7已购；当前购入100mA PPTC不适用于主5V路径；磁吸额定电流/ESD布局
BAT_1S,BQ24074RGTR + LiPo,约3.0~4.2V,BK7258 VBAT + 系统能源,BQ24074已购；1000mAh电池候选已购,P0,电池保护板/实际尺寸重量/最大持续及峰值电流/NTC；候选未冻结
BK_VBAT,BAT_1S,2.0~4.35V允许范围,BK7258,路径成立,P0,按最终参考设计确认去耦/滤波/片内DC-DC外围
SYS_3V3,BAT/SYS经TPS63021DSJR,3.3V,ZTS6672/ICS-43434 + BMI270 + PCA9540BDP + DRV2605L LEFT/RIGHT及其它3V3逻辑,TPS63021已购/架构冻结,P0,BK版1.5uH电感本次买FXL0420-1R5-M；与生产BOM FAUL0420-1R5MT不一致，装板前核Footprint/Isat/Irms/DCR
HAPTIC_3V3,SYS_3V3,3.3V,PCA9540BDP + 两颗DRV2605LDGSR,器件已购/架构冻结,P0,PCA upstream/CH0/CH1各自I2C上拉；DRV去耦；实际封装按官方Datasheet核对
CAM_2V8,SYS_3V3经TLV75728PDBVR,2.8V,OV5640 AVDD/DOVDD,TLV75728已购,P0,LDO输入输出电容/启动时序/Camera实际电流
CAM_CORE,SYS_3V3经TLV75515PDBVR,1.5V（当前生产方案）,OV5640 DVDD,TLV75515已购/P0当前采用,P0,最终Camera模组若要求1.2V则必须更换Core LDO，不可只改网络名
AUDIO_PWR,BAT_1S或系统电源,2.5~5.5V范围内按最终方案,MAX98357AETE+T + 两只并联骨传导,功放已购/供电点未冻结,P0,实际供电点/最大功率/温升/电池峰值电流
USB_VBUS_SENSE,MAG_5V / BQ24074状态脚,3.3V逻辑,BK7258 USB/充电状态检测,BQ24074 PGOOD/CHG方案已明确,P1,PGOOD/CHG开漏上拉到3.3V；EN1/EN2模式按最终输入电流策略冻结
TP_3V3,SYS_3V3,3.3V,开发测试点,冻结,P1,Mandatory
TP_GND,GND,0V,开发测试点,冻结,P1,Mandatory
